Kundendaten;;;
;;;
id;Name;Alter;Geschlecht
1;Cleopatra Giovanitti;55;Female
2;Elga Di Carlo;44;Female
3;Bette Mattocks;22;Female
4;Dallis Dunridge;54;Male
5;Van Bonnefin;47;Male
6;Lettie Otson;60;Female
7;Andie Palay;30;Male
8;Harriet Ditty;50;Female
9;Marcile Jealous;49;Female
10;Ezequiel Dinnis;53;Male
11;Mamie Rosenbarg;44;Female
12;Caldwell Dorkens;46;Male
13;Thatcher Heustace;29;Male
14;Katha Sherebrook;46;Female
15;Guenevere Handman;54;Female
16;Dareen Downie;51;Female
17;Siana Scipsey;35;Female
18;Mada Dhillon;51;Female
19;Trix Montfort;51;Female
20;Alphonse Noraway;47;Male
21;Federico Marflitt;32;Male
22;Ermina Blamphin;35;Female
23;Elroy Hayward;29;Male
24;Clo Casin;57;Female
25;Poul Highnam;51;Male
26;Saundra Hutchin;56;Male
27;Bing Cowern;49;Male
28;Alain Trudgion;28;Male
29;Langsdon Bannester;53;Male
30;Hadleigh Peasgood;54;Male
31;Ellie Ganny;48;Female
32;Margo Schrei;61;Female
33;Arlie Bowell;41;Female
34;Melisenda Amery;54;Female
35;Gran Etchells;50;Male
36;Winne Ostick;47;Female
37;Gussi Gilling;43;Female
38;Malinda Buckel;39;Female
39;Marc Burnie;35;Male
40;Selina Baythrop;55;Female
41;Harwilll Bryett;42;Male
42;Derek Songer;42;Male
43;Barny Daenen;61;Male
44;Carolus Velden;73;Male
45;Kerri Flicker;50;Female
46;Donni Rosengart;52;Female
47;Win Renne;48;Male
48;Orville Ciccarello;48;Male
49;Lazaro Batterham;42;Male
50;Junina Durham;55;Female
51;Doy Fishleigh;57;Male
52;Irita Cullinane;58;Female
53;Chloe Timny;39;Female
54;Ruggiero Hanbidge;56;Male
55;Garret Verma;33;Male
56;Arabella McMonies;57;Female
57;Darrick Purry;51;Male
58;Base Goulding;60;Male
59;Mitzi Hawksby;44;Female
60;Nathaniel Graith;33;Male
61;Erina Fearnill;35;Female
62;Prissie Skottle;58;Female
63;Loise Giacovetti;48;Female
64;Jarrad Dorrance;37;Male
65;Olive Toovey;50;Female
66;Teodoro Pescott;53;Male
67;Aylmar Darwood;56;Male
68;Rabbi Arney;50;Male
69;Garry MacDearmaid;53;Male
70;Duffy Elleton;49;Male
71;Rusty Hopewell;44;Male
72;Giacobo Iacovozzo;28;Male
73;Tomlin Jardine;56;Male
74;Base Dracksford;49;Male
75;Brantley Eliez;72;Male
76;Noell Rusbridge;46;Female
77;Moore Tyce;48;Male
78;Eloise Leal;46;Female
79;Sidoney Dobrovsky;25;Female
80;Francine Wilbor;28;Female
81;Aindrea Koschke;48;Female
82;Izak Fibbens;49;Male
83;Stephana Boriston;57;Female
84;Ricki Fulton;32;Female
85;Ignaz Bahia;55;Male
86;Isabel Veale;49;Female
88;Ashly Bagby;46;Female
89;Kipper Gregoire;59;Male
90;Micky Gillott;50;Female
91;Loren Bleakman;42;Female
92;Cati Spurgin;49;Female
93;Eada Alennikov;51;Female
94;Dalli Ragate;36;Male
95;Hyacinthia Maliffe;33;Female
96;Alejandro Triswell;31;Male
97;Wylie Lasselle;36;Male
98;Karney Morris;40;Male
99;Maisey Giannazzo;38;Female
100;Shaun Schoolcroft;29;Female
101;Linnea Bramble;52;Female
102;Gabbie Onn;51;Female
103;Tab Loveland;44;Male
104;Calida Caswell;61;Female
105;Melony Dachey;61;Female
106;Ana Rolinson;51;Female
107;Allyn Everal;31;Female
108;Cornelius Jorin;35;Male
109;Glenine Gorey;36;Female
110;Stafani Spraging;44;Female
111;Paquito Yeld;35;Male
112;Cassandre O'Hagerty;32;Female
113;Troy Dani;41;Male
114;Adolpho Killich;56;Male
115;Giana Willows;38;Female
116;My Gallardo;34;Male
117;Cecile McCarthy;43;Female
118;Eustace Thwaite;26;Male
119;Payton MacParlan;48;Male
120;Onofredo Cabble;44;Male
121;Yoshiko Junkin;53;Female
122;Rosemaria Moreno;37;Female
123;Evangelia Hatton;52;Female
124;Tandi MacKim;40;Female
125;Robinson McAusland;27;Male
126;Dougie McGarvey;51;Male
127;Cary Droogan;43;Male
128;Yehudit Spiller;47;Male
129;Sigismond Jeannel;24;Male
130;Ulick Gouth;17;Male
131;Liane Bell;51;Female
132;Lennie Djurdjevic;49;Male
133;Rana MacIlraith;71;Female
134;Alexandre Caddan;43;Male
135;Zebulon Beacon;54;Male
136;Clari O'Lennachain;44;Female
137;Sammie Philips;69;Male
138;Preston Champagne;44;Male
139;Hagen Kibel;45;Male
140;Danielle Howick;37;Female
141;Rois Gricewood;45;Female
142;Emmett Jarmaine;38;Male
143;Arnold Palmer;55;Male
144;Freddi Hume;45;Female
145;Corly Kelinge;52;Female
146;Karoly McGrale;46;Male
147;Udall Frankes;46;Male
148;Eileen Delafoy;44;Female
149;Wesley Cunningham;44;Male
150;Alix Schade;40;Male
151;Shina Cornels;38;Female
152;Kelsy McMechan;49;Female
153;Erasmus Woloschin;43;Male
154;Dorelle Poleykett;29;Female
155;Terencio Aldin;54;Male
156;Valenka Leppo;43;Female
157;Ennis Heinonen;43;Male
158;Mohammed Gebhardt;27;Male
159;Trixy January 1st;44;Female
160;Edgardo Croser;42;Male
161;Irvin Kornilov;40;Male
162;Rosene Hutchcraft;39;Female
163;Tonnie Glaysher;45;Male
164;Jared Gush;53;Male
165;Jacquelynn Jozwik;33;Female
166;Gardiner Thornborrow;42;Male
167;Felike Casetta;62;Male
168;Babbette Wickersham;32;Female
169;Hannie Danilovich;59;Female
170;Amaleta Dhillon;39;Female
171;Abelard Flattman;50;Male
172;Tybi MacGille;58;Female
173;Guillema Hofer;52;Female
174;Hollie Benditt;46;Female
175;Shamus Hansen;33;Male
176;Henrik Ettery;40;Male
177;Gil Goodhall;41;Male
178;Imojean Chippendale;47;Female
179;Rodie Petford;55;Female
180;Portia Checchi;51;Female
181;Zuzana Shearsby;37;Female
182;Kelley Albinson;60;Male
183;Ingeborg Durward;32;Female
184;Berne Karsh;62;Male
185;Alfred Adrien;49;Male
186;Carolin Kinloch;33;Female
187;Conny Hellmer;46;Male
188;Sallyanne Leefe;64;Female
189;Arden Durnan;52;Female
190;Kalinda Dobbings;50;Female
191;Leticia Templeton;48;Female
192;Alphonse McWhan;50;Male
193;Napoleon Cockley;43;Male
194;Emmalyn Rivitt;31;Female
195;Brew Kilborn;48;Male
196;Lacy Avramow;53;Female
197;Cary Stanyard;36;Male
198;Agosto Brownsmith;59;Male
199;Kristofer Cosens;29;Male
200;Padget Daffern;42;Male
201;Neila Kerne;40;Female
202;Judah Cleaves;29;Male
203;Vanni Varsey;37;Female
204;Terrence Lindeboom;41;Male
205;Papageno Cove;40;Male
206;Rosella Drees;29;Female
207;Liv Giraudou;46;Female
208;Edd Wetheril;43;Male
209;Olivero Hiskey;43;Male
210;Lib Senn;32;Female
211;Corey Pettiford;55;Female
212;Margarita Standbrooke;57;Female
213;Holly Parkman;41;Female
214;Matias Tofts;38;Male
215;Aurthur McCullagh;46;Male
216;Oriana Stainton;34;Female
217;Carlen Spellward;43;Female
218;Kendell Radke;57;Male
219;Alvan Chadbourne;63;Male
220;Ellene Spybey;53;Female
221;Christian Hulbert;45;Male
222;Giacopo Sabberton;35;Male
223;Eudora Haldane;77;Female
224;Anatole Stratz;40;Male
225;Ariana Patchett;42;Female
226;Isaiah Seyler;34;Male
227;Currey Carnachen;45;Male
228;Sallyann McInulty;56;Female
229;Kort Radish;41;Male
230;Edouard Phetteplace;35;Male
231;Bernadene Sibary;52;Female
232;Dosi Pepi;27;Female
233;Ansell Gianolo;47;Male
234;Ruthann Heart;32;Female
235;Ettie Mc Pake;45;Female
236;Rubin Scotsbrook;40;Male
237;Verene Losano;44;Female
238;Hamil Bignall;66;Male
239;Buckie Sant;71;Male
240;Freddi Perillio;68;Female
241;Jeanine Abbotson;57;Female
242;Giustino Pawelski;48;Male
243;Sayers Beauchop;50;Male
244;Roarke Monier;50;Male
245;Ted Houliston;52;Female
246;Megan Dunbavin;44;Female
247;Gianina Sutcliff;21;Female
248;Vincent Pfertner;42;Male
249;Trumaine Mayell;39;Male
250;Pietra Thornewill;62;Female
251;Marsh Tran;44;Male
252;Staford Mateja;46;Male
253;Lewes Camamile;51;Male
254;Gamaliel Arpino;44;Male
255;Darrin Cleall;38;Male
256;Zsazsa Birdwhistle;43;Female
257;Franklin Quick;55;Male
258;Elwood Gilyatt;49;Male
259;Catina Eake;27;Female
260;Natty Brooker;53;Male
261;Ashton Stilly;42;Male
262;Carling Brandli;58;Male
263;Corey Clitherow;53;Male
264;Salaidh Engley;48;Female
265;Gerek Hearmon;51;Male
266;Ber Sanderson;54;Male
267;Mellisa Baudains;40;Female
268;Vladimir Karleman;28;Male
269;Rheta Nunes Nabarro;49;Female
270;Astrid Cagan;64;Female
271;Mair Ackred;40;Female
272;Kasey O'Giany;49;Female
273;Brooks Corton;35;Male
274;Ainsley Franceschino;63;Female
275;Benedetta Paolini;49;Female
276;Rochester Sangwine;12;Male
277;Aggie Somerset;49;Female
278;Sim Wenman;31;Male
279;Andris Gunby;33;Male
280;Violette Rump;56;Female
281;Clarance Tullis;41;Male
282;Lannie Grundell;29;Male
283;Bronson Stoney;46;Male
284;Teddie Jakoub;41;Female
285;Roger Kneath;48;Male
286;Courtenay Croce;68;Female
287;Charo Chetwin;59;Female
288;Freddie Vain;38;Male
289;Herman Glashby;52;Male
290;Elvera Gino;41;Female
291;Lefty Dioniso;55;Male
292;Marcie Gherardelli;40;Female
293;Ninnette Goford;48;Female
294;Joann Swinden;37;Female
295;Ophelia Lillecrap;47;Female
296;Terrel Brenard;50;Male
297;Perren Tunstall;39;Male
298;Taite Huxtable;52;Male
299;Marie-jeanne Runnicles;47;Female
300;Harmonie McGlynn;51;Female
301;Camella Schankelborg;52;Female
302;Ancell Lineen;66;Male
303;Jase Akeherst;39;Male
304;Mendel Culter;58;Male
305;Fabiano Gammack;46;Male
306;Margie Bridgett;66;Female
307;Duke Capewell;49;Male
308;Clay Dorman;47;Male
309;Alyce Gidman;42;Female
310;Hersch Hunnybun;38;Male
311;Ilsa Doyle;36;Female
312;Dalis Waddell;30;Male
313;Tadd Lindborg;54;Male
314;Gerty Storek;47;Female
315;Bartholomew Buzza;51;Male
316;Sven De Bischof;41;Male
317;Fairfax Broadley;69;Male
318;Luigi Tortis;47;Male
319;Sigismond Milmore;21;Male
320;Keely Godain;56;Female
321;Elwira Dwine;33;Female
322;Jamesy Jurges;50;Male
323;Pattie Raiman;49;Female
324;Abraham Edbrooke;48;Male
325;Judy Heale;38;Female
326;Caron Rycroft;46;Female
327;Shoshana Bradfield;63;Female
328;Lon Edmead;54;Male
329;Brit Lanchbery;15;Female
330;Alfredo de Wilde;46;Male
331;Maxie Silverston;52;Male
332;Shaughn Matashkin;32;Male
333;Ursala Caughtry;41;Female
334;Zonnya Thorley;40;Female
335;Stephannie Quadling;37;Female
336;Mahmud O'Halleghane;24;Male
337;Chelsie Dundendale;35;Female
338;Ingaborg Mignot;35;Female
339;Debbie Ivell;45;Female
340;Silvia Pilkington;66;Female
341;Gal Headley;55;Male
342;Joella MacAscaidh;52;Female
343;Rosanna Jovasevic;48;Female
344;Patsy Chieze;43;Male
345;Hansiain Garard;47;Male
346;Kelley McKendo;32;Male
347;Rex Moehler;41;Male
348;Salim Moralis;49;Male
349;Melli Coysh;60;Female
350;Tiebout Annand;36;Male
351;Charlene Mutton;52;Female
352;Conroy Batters;62;Male
353;Inna Boncoeur;38;Female
354;Ethelbert Tumielli;27;Male
355;Jacquie Coverlyn;40;Female
356;Sullivan Kidner;60;Male
357;Smitty Freire;37;Male
358;Cindi Walbridge;61;Female
359;Inglis Croxall;48;Male
360;Finn Fearfull;40;Male
361;Cly Mallall;31;Male
362;Bail Maskill;44;Male
363;Ive Lakes;52;Male
364;Aubree Englishby;50;Female
365;Adelheid Riolfo;36;Female
366;Henrietta Joynes;42;Female
367;Courtney Haggath;32;Male
368;Cacilia Blew;37;Female
369;Elihu Leftridge;42;Male
370;Eziechiele Barnish;55;Male
371;Martica Ellsworthe;52;Female
372;Pollyanna Maneylaws;49;Female
373;Carter Remer;50;Male
374;Teddie Shuttell;59;Female
375;Yorgo Eastcourt;50;Male
376;Winnah Keysall;37;Female
377;Isabella Sizzey;38;Female
378;Loreen Worvell;69;Female
379;Gussi Penwarden;45;Female
380;Rosanne Bythell;38;Female
381;Ram Vivien;44;Male
382;Conchita Grinley;32;Female
383;Adey Haruard;54;Female
384;Chloris Giorgioni;44;Female
385;Alister Hastewell;54;Male
386;Marlyn Martignon;39;Female
387;Pascal Wims;47;Male
388;Andrea Keeney;30;Female
389;Lorraine Rangle;39;Female
390;Zandra Felton;46;Female
391;Jacob Bogue;57;Male
392;Lyndsie Nimmo;37;Female
393;Rosalie Orcas;46;Female
394;Jenilee Gillespey;53;Female
395;Greer Fridaye;37;Female
396;Clare Rickett;37;Male
397;Noland Aspinal;37;Male
398;Tyrus Bassam;22;Male
399;Rebekkah McEnteggart;49;Female
400;Wiatt Jermyn;51;Male
401;Haskell Millwall;44;Male
402;Petey Avraam;51;Male
403;Nickolai Caplen;57;Male
404;Gay Duggen;48;Male
405;Arnold Brotheridge;50;Male
406;Thatch Jeness;43;Male
407;Nathalie Finby;49;Female
408;Dion Maruszewski;59;Female
409;Nanci Keynd;44;Female
410;Shelbi Birtwisle;48;Female
411;Maddy Sandels;39;Male
412;Bryant Brussell;48;Male
413;Nickie Aarons;60;Male
414;Valentin Biggen;42;Male
415;Lefty Shapiro;39;Male
416;Christie Peres;48;Male
417;Harland Norvel;32;Male
418;Wyndham Rainsdon;42;Male
419;Annemarie Ravelus;40;Female
420;Decca Phetteplace;52;Male
421;Paulo Zanetti;33;Male
422;Kettie Curedell;39;Female
423;Manolo Eisig;40;Male
424;Felizio Udie;50;Male
425;Lydon Nicklin;33;Male
426;Dav Petters;53;Male
427;Clywd Surcomb;46;Male
428;Inglebert Cancott;49;Male
429;Paulina Spurrett;44;Female
430;Dew Rain;35;Male
431;Ethelin Rabat;39;Female
432;Hilly Duckinfield;30;Male
433;Engracia Van Halen;42;Female
434;Gerrie Tracy;43;Male
435;Lloyd Meeking;39;Male
436;Rob Coopey;51;Male
437;Zorana Fatscher;49;Female
438;Spike Lafond;27;Male
439;Dominique Bourges;37;Female
440;Griffin Kuhl;63;Male
441;Renell Dillinton;39;Female
442;Ignacio Huntress;49;Male
443;Arie Jeandet;27;Male
444;Brenna Ambler;58;Female
445;Trumann Mingay;36;Male
446;Shalne McCawley;47;Female
447;Jobi Hydes;42;Female
448;Ortensia Treadway;54;Female
449;Maurita Stooders;46;Female
450;Morganne Diglin;82;Female
451;Nickey Romney;64;Male
452;Marthe Klimp;58;Female
453;Bellanca Preshous;30;Female
454;Yulma Wrightson;37;Male
455;Idalina Cogdell;40;Female
456;Margarita Viccars;40;Female
457;Norrie Ambroziak;41;Male
458;Roxana Canfer;15;Female
459;Sander Filmer;45;Male
460;Emmaline Paulou;47;Female
461;Amalea Ollerton;31;Female
462;Becca Keatch;47;Female
463;Kath Keerl;40;Female
464;Saunderson Walbrook;37;Male
465;Lane Ternott;26;Female
466;Vinny Greasty;50;Female
467;Kiri Callow;44;Female
468;Luther Radenhurst;33;Male
469;Eran Troy;41;Female
470;Gunter Parysiak;47;Male
471;Halimeda Axup;54;Female
472;Ring Ouldcott;54;Male
473;Leroy Matanin;58;Male
474;Richart Rummins;55;Male
475;Willey Yanele;50;Male
476;Harlan Holligan;50;Male
477;Vere Schimpke;40;Female
478;Blondell Strowlger;65;Female
479;Fleurette Carl;43;Female
480;Erik Trumper;48;Male
481;Petronilla Pickworth;50;Female
482;Mose Delue;58;Male
483;Rudie Petru;44;Male
484;Jacques Pockey;49;Male
485;Matelda McBrier;40;Female
486;Cariotta Shallcross;49;Female
487;Marijo Kolczynski;43;Female
488;Amitie Limbrick;45;Female
489;Riley Ethridge;35;Male
490;Morley Myrkus;59;Male
491;Nico Arthan;49;Male
492;Ronnica Robertet;48;Female
493;Gusta Haldene;47;Female
494;Regan Fardell;44;Male
495;Leann Stirman;60;Female
496;Eleni Cholomin;52;Female
497;Wenda McGinnell;46;Female
498;Leicester Marchelli;49;Male
499;Balduin Dallosso;43;Male
500;Darren Rumble;54;Male
